,System Time,Variant,Total Elapsed Time (sec),Measured RDTSC Frequency (GHz),Cumulative Package Energy_0 (Joules),Cumulative Package Energy_0 (mWh),Average Package Power_0 (Watt),Cumulative IA Energy_0 (Joules),Cumulative IA Energy_0 (mWh),Average Package IA_0 (Watt),Cumulative DRAM Energy_0 (Joules),Cumulative DRAM Energy_0 (mWh),Average Package DRAM_0 (Watt),Average Package Temperature_0(C),Median Package Temperature_0(C),Minimum Package Temperature_0(C),Maximum Package Temperature_0(C)
114,2023-05-22 02:41:24.349069056,chrome_static,94.638024,2.295,382.630981,106.286384,4.0431,136.074722,37.798534,1.437844,6257.0,1738.055556,66.115075,39.297872340425535,40.0,32.0,53.0
64,2023-05-22 02:43:34.617807616,safari_static,104.585736,2.295,345.848129,96.068925,3.306838,76.140945,21.150263,0.728024,6663.0,1850.833333,63.708496,35.58173076923077,34.0,31.0,51.0
111,2023-05-22 02:45:44.628010496,chrome_static,94.400538,2.295,382.138443,106.149567,4.048054,136.336578,37.871272,1.444235,6063.0,1684.166667,64.226329,37.711229946524064,37.0,31.0,52.0
14,2023-05-22 02:47:49.986132992,chrome_dynamic,94.988607,2.295,382.944397,106.373444,4.031477,135.776459,37.715683,1.429397,6110.0,1697.222222,64.323504,37.90425531914894,37.0,32.0,52.0
112,2023-05-22 02:49:55.337224704,chrome_static,94.485583,2.295,384.53923,106.816453,4.069819,138.016617,38.337949,1.460716,6137.0,1704.722222,64.951708,37.850267379679146,36.0,31.0,54.0
61,2023-05-22 02:52:20.508599040,safari_static,134.662171,2.295,436.162048,121.156125,3.238935,87.20575,24.223819,0.647589,8434.0,2342.777778,62.630804,35.90262172284644,34.0,31.0,53.0
11,2023-05-22 02:54:45.702973184,chrome_dynamic,94.511389,2.295,383.265488,106.462635,4.055231,136.98938,38.052606,1.449448,6113.0,1698.055556,64.680036,37.64171122994652,35.0,32.0,51.0
12,2023-05-22 02:56:51.093377792,chrome_dynamic,95.094496,2.295,385.104065,106.973351,4.049699,137.337692,38.149359,1.444223,6139.0,1705.277778,64.556838,38.16489361702128,37.5,32.0,52.0
164,2023-05-22 02:58:55.937135360,safari_dynamic,93.453021,2.295,299.434097,83.176138,3.204114,61.129578,16.980438,0.654121,5881.0,1633.611111,62.930015,35.8,33.0,31.0,50.0
62,2023-05-22 03:01:00.068059136,safari_static,93.666449,2.295,301.344711,83.706864,3.217211,62.667786,17.407718,0.669053,5769.0,1602.5,61.590891,35.87027027027027,35.0,31.0,52.0
1,2023-05-22 03:03:04.784208896,chrome_dynamic,94.521854,2.295,376.100113,104.472254,3.978975,131.266907,36.46303,1.388747,5992.0,1664.444444,63.392747,37.45454545454545,36.0,31.0,51.0
4,2023-05-22 03:05:10.080138240,chrome_dynamic,94.812079,2.295,382.793457,106.331516,4.037391,135.726471,37.701797,1.431531,6088.0,1691.111111,64.211228,37.72872340425532,36.0,31.0,53.0
161,2023-05-22 03:07:15.042053632,safari_dynamic,93.970836,2.295,303.948776,84.430216,3.234501,63.643173,17.678659,0.677265,5886.0,1635.0,62.636455,35.32795698924731,33.0,31.0,50.0
162,2023-05-22 03:09:19.369648640,safari_dynamic,93.458819,2.295,299.082947,83.078596,3.200158,61.199692,16.999914,0.654831,5780.0,1605.555556,61.845421,35.63243243243243,34.0,31.0,52.0
101,2023-05-22 03:11:24.192627968,chrome_static,94.961728,2.295,383.808655,106.613515,4.041719,136.992844,38.053568,1.442611,6044.0,1678.888889,63.646693,36.68617021276596,34.0,31.0,51.0
51,2023-05-22 03:13:49.087207680,safari_static,133.773859,2.295,431.786728,119.940758,3.227736,85.973816,23.881616,0.64268,8261.0,2294.722222,61.75347,36.49433962264151,36.0,31.0,52.0
8,2023-05-22 03:16:13.948342272,chrome_dynamic,94.572078,2.295,379.0513,105.292028,4.008068,133.535568,37.093213,1.411998,6066.0,1685.0,64.141553,37.31550802139037,36.0,31.0,52.0
151,2023-05-22 03:18:38.691867904,safari_dynamic,133.867504,2.295,427.989426,118.885952,3.197112,82.154816,22.820782,0.613702,8375.0,2326.388889,62.56186,35.509433962264154,34.0,31.0,52.0
104,2023-05-22 03:21:03.810042624,chrome_static,95.036437,2.295,381.701035,106.028065,4.016365,134.522308,37.367308,1.415481,6118.0,1699.444444,64.375309,37.66489361702128,36.0,32.0,51.0
154,2023-05-22 03:23:28.798811136,safari_dynamic,133.710137,2.295,437.503586,121.528774,3.27203,90.627472,25.174298,0.677791,8399.0,2333.055556,62.814983,35.56981132075472,33.0,31.0,52.0
158,2023-05-22 03:25:53.018567680,safari_dynamic,93.551912,2.295,299.363022,83.156395,3.199967,61.100281,16.9723,0.653116,5818.0,1616.111111,62.19007,35.35675675675676,34.0,31.0,51.0
108,2023-05-22 03:27:57.689277952,chrome_static,94.490067,2.295,382.607025,106.279729,4.049177,136.592606,37.94239,1.445576,6037.0,1676.944444,63.890314,37.22994652406417,35.0,32.0,52.0
54,2023-05-22 03:30:22.397045248,safari_static,133.744212,2.295,431.289322,119.802589,3.224733,84.690369,23.525102,0.633226,8393.0,2331.388889,62.754118,35.77735849056604,34.0,31.0,51.0
107,2023-05-22 03:32:47.108583168,chrome_static,94.456432,2.295,382.898132,106.360592,4.053701,137.100586,38.083496,1.451469,6034.0,1676.111111,63.881304,38.24064171122995,38.0,31.0,49.0
146,2023-05-22 03:34:52.430180864,chrome_static,94.932714,2.295,385.649246,107.124791,4.062343,137.83609,38.287803,1.451935,6198.0,1721.666667,65.288348,38.8563829787234,39.0,32.0,53.0
58,2023-05-22 03:37:17.290347264,safari_static,133.591708,2.295,432.305511,120.084864,3.236021,85.961563,23.878212,0.643465,8379.0,2327.5,62.720959,36.30943396226415,35.0,31.0,52.0
157,2023-05-22 03:39:41.409524224,safari_dynamic,93.505173,2.295,300.513901,83.476084,3.213875,62.223114,17.284198,0.665451,5799.0,1610.833333,62.017959,34.91891891891892,33.0,31.0,51.0
147,2023-05-22 03:41:46.253016064,chrome_static,94.904658,2.295,385.372391,107.047886,4.060627,137.843002,38.289723,1.452437,6098.0,1693.888889,64.253959,37.8031914893617,37.0,32.0,51.0
102,2023-05-22 03:43:51.584545280,chrome_static,94.507451,2.295,381.609528,106.002647,4.037878,135.417038,37.615844,1.432872,6103.0,1695.277778,64.576919,38.63636363636363,38.0,32.0,53.0
196,2023-05-22 03:46:16.243286528,safari_dynamic,133.729983,2.295,428.492401,119.025667,3.204161,82.837708,23.010474,0.61944,8378.0,2327.222222,62.648628,36.10943396226415,35.0,31.0,51.0
103,2023-05-22 03:48:41.178856192,chrome_static,94.883794,2.295,389.394211,108.165059,4.103906,141.729904,39.369418,1.493721,6173.0,1714.722222,65.058528,38.34574468085106,37.0,32.0,50.0
57,2023-05-22 03:51:05.917174016,safari_static,133.5105,2.295,428.117432,118.921509,3.20662,83.868729,23.296869,0.628181,8362.0,2322.777778,62.631778,35.96212121212121,34.0,31.0,52.0
7,2023-05-22 03:53:30.914085120,chrome_dynamic,95.111411,2.295,388.450409,107.902891,4.084162,141.183228,39.217563,1.484398,6089.0,1691.388889,64.019658,38.265957446808514,38.0,31.0,53.0
46,2023-05-22 03:55:36.530632960,chrome_dynamic,94.827594,2.295,384.359665,106.766574,4.053247,136.988159,38.052266,1.444602,6167.0,1713.055556,65.033813,38.23936170212766,38.0,32.0,51.0
109,2023-05-22 03:57:41.732491776,chrome_static,94.431561,2.295,383.27507,106.465297,4.05876,136.928879,38.0358,1.450033,6135.0,1704.166667,64.967686,38.54010695187166,38.0,32.0,54.0
47,2023-05-22 03:59:46.741935616,chrome_dynamic,94.342852,2.295,384.421844,106.783846,4.074732,138.314972,38.420826,1.466089,6179.0,1716.388889,65.495158,38.705882352941174,37.0,32.0,53.0
197,2023-05-22 04:01:51.254178048,safari_dynamic,93.558593,2.295,326.33287,90.64802,3.488005,85.065735,23.629371,0.909224,6080.0,1688.888889,64.986014,37.524324324324326,35.0,32.0,53.0
152,2023-05-22 04:03:55.418432512,safari_dynamic,93.498457,2.295,299.016602,83.060167,3.198091,60.908783,16.919106,0.651442,5844.0,1623.333333,62.503705,35.57297297297297,34.0,31.0,49.0
153,2023-05-22 04:05:59.551968,safari_dynamic,93.644211,2.295,297.811127,82.725313,3.180241,59.827774,16.618826,0.638884,5785.0,1606.944444,61.776376,34.77297297297297,33.0,30.0,49.0
159,2023-05-22 04:08:03.830319104,safari_dynamic,93.6757,2.295,299.364838,83.156899,3.195758,60.83699,16.899164,0.649443,5839.0,1621.944444,62.332067,34.7027027027027,33.0,31.0,52.0
156,2023-05-22 04:10:08.003010560,safari_dynamic,93.454661,2.295,299.796661,83.27685,3.207937,61.756668,17.15463,0.66082,5784.0,1606.666667,61.890974,35.054054054054056,33.0,31.0,52.0
106,2023-05-22 04:12:12.824622080,chrome_static,94.956448,2.295,383.347275,106.485354,4.037085,135.975464,37.770962,1.431977,6148.0,1707.777778,64.745471,37.861702127659576,37.0,32.0,51.0
118,2023-05-22 04:14:18.107513344,chrome_static,94.438302,2.295,389.375061,108.159739,4.123063,142.258102,39.51614,1.50636,6229.0,1730.277778,65.958408,38.032085561497325,36.0,32.0,52.0
115,2023-05-22 04:16:23.188015872,chrome_static,94.5643,2.295,380.074341,105.576206,4.019216,133.443695,37.067693,1.411142,6279.0,1744.166667,66.399265,38.401069518716575,37.0,32.0,50.0
168,2023-05-22 04:18:48.195731968,safari_dynamic,133.768024,2.295,431.908524,119.97459,3.228787,84.858398,23.571777,0.63437,8527.0,2368.611111,63.744681,35.77358490566038,34.0,32.0,53.0
2,2023-05-22 04:21:13.145074432,chrome_dynamic,94.910746,2.295,382.830673,106.341854,4.033586,135.252609,37.570169,1.425051,6290.0,1747.222222,66.272791,37.78191489361702,36.0,33.0,50.0
165,2023-05-22 04:23:17.942243072,safari_dynamic,93.494227,2.295,311.127151,86.424209,3.327769,71.264374,19.795659,0.762233,6033.0,1675.833333,64.528048,36.41621621621621,34.0,32.0,51.0
110,2023-05-22 04:25:22.568454912,chrome_static,94.562816,2.295,385.650024,107.125007,4.078242,138.645523,38.512645,1.466174,6273.0,1742.5,66.336857,38.77005347593583,39.0,33.0,53.0
3,2023-05-22 04:27:28.007489280,chrome_dynamic,94.974025,2.295,384.940475,106.92791,4.053113,137.17952,38.105422,1.44439,6278.0,1743.888889,66.102284,38.308510638297875,37.0,32.0,53.0
160,2023-05-22 04:29:52.716306944,safari_dynamic,133.39721,2.295,429.316177,119.254494,3.21833,83.533905,23.203863,0.626204,8558.0,2377.222222,64.154265,36.378787878787875,34.0,32.0,52.0
113,2023-05-22 04:32:17.258197760,chrome_static,94.332085,2.295,381.753418,106.042616,4.04691,135.805771,37.723825,1.439656,6220.0,1727.777778,65.937268,37.839572192513366,35.0,32.0,52.0
135,2023-05-22 04:34:22.484830208,chrome_static,95.028791,2.295,391.307266,108.696463,4.117776,142.888229,39.691175,1.503631,6357.0,1765.833333,66.895516,39.0531914893617,39.0,32.0,55.0
163,2023-05-22 04:36:47.285136384,safari_dynamic,133.404342,2.295,429.415848,119.28218,3.218905,83.80751,23.279864,0.628222,8457.0,2349.166667,63.393739,36.375,35.0,31.0,51.0
9,2023-05-22 04:39:12.106877440,chrome_dynamic,94.840529,2.295,383.349731,106.486037,4.042045,136.299393,37.860942,1.437143,6193.0,1720.277778,65.299087,37.62765957446808,35.0,32.0,52.0
6,2023-05-22 04:41:17.620154112,chrome_dynamic,95.052667,2.295,386.741165,107.428101,4.068704,138.568909,38.491364,1.457812,6232.0,1731.111111,65.563652,38.53191489361702,38.0,32.0,53.0
130,2023-05-22 04:43:23.016872192,chrome_static,94.571228,2.295,389.381104,108.161418,4.117332,141.695969,39.359991,1.498299,6375.0,1770.833333,67.409509,38.55614973262032,36.0,33.0,53.0
185,2023-05-22 04:45:47.764705792,safari_dynamic,133.726469,2.295,430.650497,119.625138,3.220383,84.078934,23.355259,0.628738,8522.0,2367.222222,63.727099,36.947169811320755,36.0,32.0,52.0
96,2023-05-22 04:48:12.305548032,safari_static,93.915876,2.295,306.016403,85.004556,3.25841,65.400772,18.166881,0.696376,5947.0,1651.944444,63.322627,35.97849462365591,34.0,31.0,50.0
144,2023-05-22 04:50:17.122085632,chrome_static,94.49922,2.295,382.819183,106.338662,4.05103,136.383957,37.884432,1.443228,6179.0,1716.388889,65.386783,38.38502673796791,37.0,32.0,53.0
180,2023-05-22 04:52:49.010483200,safari_dynamic,133.715275,2.295,429.656738,119.349094,3.213221,83.641357,23.23371,0.625518,8452.0,2347.777778,63.208934,36.1811320754717,34.0,32.0,53.0
194,2023-05-22 04:55:13.225216,safari_dynamic,93.499069,2.295,300.238602,83.399612,3.21114,61.604156,17.112266,0.658875,5905.0,1640.277778,63.155709,35.77837837837838,34.0,32.0,50.0
199,2023-05-22 04:57:17.350729984,safari_dynamic,93.503282,2.295,299.361557,83.155988,3.201616,61.007141,16.946428,0.65246,5855.0,1626.388889,62.618123,35.20540540540541,34.0,31.0,50.0
149,2023-05-22 04:59:21.989780736,chrome_static,94.55806,2.295,382.103714,106.139921,4.040943,135.915756,37.754377,1.437379,6088.0,1691.111111,64.383723,37.705882352941174,36.0,32.0,51.0
97,2023-05-22 05:01:26.990656,safari_static,93.907497,2.295,305.732162,84.925601,3.255674,65.620956,18.228043,0.698783,5901.0,1639.166667,62.838433,35.844086021505376,34.0,31.0,52.0
192,2023-05-22 05:03:31.349362176,safari_dynamic,93.700221,2.295,299.273621,83.131561,3.193948,60.895569,16.915436,0.649898,5763.0,1600.833333,61.504657,34.502702702702706,33.0,31.0,49.0
142,2023-05-22 05:05:36.541053440,chrome_static,95.395262,2.295,386.966125,107.49059,4.05645,137.978836,38.327454,1.446391,6259.0,1738.611111,65.611225,39.04761904761905,39.0,33.0,51.0
18,2023-05-22 05:07:48.676898816,chrome_dynamic,94.90405,2.295,386.579697,107.383249,4.073374,138.541519,38.483755,1.459806,6301.0,1750.277778,66.393373,38.87765957446808,39.0,32.0,54.0
15,2023-05-22 05:09:54.043438592,chrome_dynamic,94.522252,2.295,383.62941,106.563725,4.058615,137.049072,38.069187,1.449913,6209.0,1724.722222,65.688236,38.13903743315508,37.0,32.0,52.0
52,2023-05-22 05:12:18.758909440,safari_static,133.761911,2.295,432.481384,120.133718,3.233218,85.792709,23.831308,0.641384,8470.0,2352.777778,63.321464,36.09811320754717,34.0,32.0,50.0
10,2023-05-22 05:14:43.670861568,chrome_dynamic,94.877611,2.295,385.807602,107.168778,4.066371,138.538727,38.48298,1.460184,6205.0,1723.611111,65.400045,37.797872340425535,36.0,32.0,50.0
191,2023-05-22 05:17:08.389727232,safari_dynamic,133.476499,2.295,426.993362,118.609267,3.199015,81.80069,22.722414,0.612847,8427.0,2340.833333,63.13471,36.015151515151516,34.0,31.0,51.0
13,2023-05-22 05:19:33.081711360,chrome_dynamic,94.598494,2.295,377.612,104.892222,3.991734,131.997101,36.665861,1.39534,6103.0,1695.277778,64.514769,37.716577540106954,37.0,32.0,52.0
141,2023-05-22 05:21:43.000502528,chrome_static,101.56854,2.295,409.124237,113.645621,4.028061,143.835358,39.954266,1.416141,6676.0,1854.444444,65.729014,39.0,39.0,32.0,53.0
35,2023-05-22 05:23:51.941803520,chrome_dynamic,95.007015,2.295,393.886124,109.412812,4.145864,145.290207,40.358391,1.529258,6295.0,1748.611111,66.258266,38.37765957446808,36.0,32.0,54.0
184,2023-05-22 05:26:16.883260160,safari_dynamic,133.668319,2.295,429.890732,119.414092,3.2161,83.923737,23.312149,0.627851,8448.0,2346.666667,63.201214,35.969811320754715,34.0,32.0,51.0
181,2023-05-22 05:28:41.069783808,safari_dynamic,93.444112,2.295,301.533966,83.759435,3.226891,62.923935,17.478871,0.673386,5895.0,1637.5,63.085837,35.627027027027026,34.0,31.0,50.0
53,2023-05-22 05:30:45.346806272,safari_static,93.821082,2.295,304.445297,84.568138,3.244956,64.744202,17.9845,0.690082,5819.0,1616.388889,62.022307,34.98924731182796,33.0,31.0,51.0
187,2023-05-22 05:32:49.570399744,safari_dynamic,93.533171,2.295,299.827057,83.285294,3.205569,61.662857,17.128571,0.659262,5781.0,1605.833333,61.80695,34.73513513513514,33.0,31.0,50.0
59,2023-05-22 05:34:55.921709056,safari_static,95.514212,2.295,307.12262,85.311839,3.215465,64.157654,17.821571,0.671708,5805.0,1612.5,60.776296,34.96296296296296,34.0,29.0,51.0
30,2023-05-22 05:37:01.734058752,chrome_dynamic,94.925788,2.295,376.854813,104.681892,3.969994,131.533539,36.537094,1.385646,5903.0,1639.722222,62.18542,36.090425531914896,33.0,30.0,53.0
56,2023-05-22 05:39:26.679411200,safari_static,133.776092,2.295,430.419449,119.560958,3.217462,85.971985,23.881107,0.642656,7966.0,2212.777778,59.547262,33.969811320754715,32.0,30.0,47.0
188,2023-05-22 05:41:50.952443392,safari_dynamic,93.569012,2.295,299.862213,83.295059,3.204717,62.670776,17.408549,0.669781,5513.0,1531.388889,58.919079,34.14594594594595,33.0,29.0,49.0
68,2023-05-22 05:43:55.221097472,safari_static,93.657224,2.295,303.026215,84.173948,3.235481,65.488419,18.191227,0.699235,5460.0,1516.666667,58.297692,33.41621621621621,31.0,29.0,49.0
167,2023-05-22 05:45:59.616237568,safari_dynamic,93.855833,2.295,297.730011,82.702781,3.172206,60.644531,16.845703,0.646146,5365.0,1490.277778,57.162137,32.42702702702703,31.0,29.0,49.0
65,2023-05-22 05:48:04.080518656,safari_static,93.688362,2.295,298.76033,82.988981,3.188873,62.11261,17.253503,0.66297,5277.0,1465.833333,56.325032,32.35675675675676,31.0,28.0,49.0
166,2023-05-22 05:50:08.470607616,safari_dynamic,93.823847,2.295,299.22261,83.117392,3.189196,62.141449,17.261514,0.66232,5292.0,1470.0,56.403571,32.38172043010753,30.0,28.0,48.0
183,2023-05-22 05:52:12.665908224,safari_dynamic,93.471736,2.295,299.603607,83.223224,3.205286,63.52652,17.646255,0.679633,5276.0,1465.555556,56.44487,32.4,30.0,28.0,49.0
44,2023-05-22 05:54:17.505760512,chrome_dynamic,94.915874,2.295,389.658661,108.238517,4.105306,143.770477,39.936244,1.514715,5726.0,1590.555556,60.327106,34.5531914893617,32.0,29.0,50.0
49,2023-05-22 05:56:23.046478848,chrome_dynamic,95.087033,2.295,381.21579,105.893275,4.009125,135.487869,37.635519,1.424883,5709.0,1585.833333,60.039732,35.111702127659576,32.5,29.0,49.0
60,2023-05-22 05:58:48.046400,safari_static,133.695844,2.295,433.5811,120.439195,3.243041,88.783981,24.662217,0.664074,7917.0,2199.166667,59.216501,34.052830188679245,32.0,29.0,47.0
63,2023-05-22 06:01:12.511521536,safari_static,93.858143,2.295,303.363083,84.267523,3.232145,65.039444,18.066512,0.692955,5419.0,1505.277778,57.736067,33.354838709677416,31.5,28.0,48.0
85,2023-05-22 06:03:16.803729664,safari_static,93.618487,2.295,302.321228,83.978119,3.22929,64.652649,17.959069,0.690597,5497.0,1526.944444,58.717035,33.064864864864866,31.0,28.0,46.0
42,2023-05-22 06:05:21.713713152,chrome_dynamic,95.055797,2.295,382.013626,106.114896,4.018836,136.162338,37.822872,1.432446,5757.0,1599.166667,60.564428,35.212765957446805,33.0,29.0,48.0
134,2023-05-22 06:07:27.113663232,chrome_static,94.523293,2.295,386.541489,107.372636,4.089378,140.772812,39.103559,1.489292,5831.0,1619.722222,61.688498,36.56149732620321,37.0,30.0,49.0
131,2023-05-22 06:09:32.285523968,chrome_static,94.540387,2.295,380.369263,105.658129,4.023352,135.277481,37.577078,1.430896,5819.0,1616.388889,61.550414,35.82887700534759,33.0,30.0,52.0
41,2023-05-22 06:11:38.347759360,chrome_dynamic,96.331778,2.295,392.994446,109.165124,4.079593,141.916016,39.421115,1.4732,6003.0,1667.5,62.315885,36.64397905759162,35.0,31.0,49.0
80,2023-05-22 06:13:44.076209664,safari_static,93.898059,2.295,307.729935,85.480537,3.277277,68.601898,19.056083,0.7306,5575.0,1548.611111,59.372899,34.53763440860215,33.0,29.0,48.0
137,2023-05-22 06:15:49.039664896,chrome_static,94.872579,2.295,386.025101,107.229195,4.06888,139.625183,38.784773,1.471713,5826.0,1618.333333,61.408681,35.861702127659576,34.0,30.0,51.0
94,2023-05-22 06:18:13.779227136,safari_static,133.520003,2.295,426.6026,118.500722,3.195046,84.122894,23.367471,0.63004,7753.0,2153.611111,58.066206,33.496212121212125,32.0,29.0,47.0
138,2023-05-22 06:20:38.528192512,chrome_static,94.615045,2.295,379.66185,105.461625,4.012701,134.836197,37.454499,1.425103,5784.0,1606.666667,61.131927,35.73262032085562,34.0,30.0,49.0
34,2023-05-22 06:22:45.162958848,chrome_dynamic,97.369896,2.295,396.721222,110.200339,4.074372,143.006577,39.724049,1.468694,6051.0,1680.833333,62.144464,36.18652849740933,34.0,30.0,48.0
31,2023-05-22 06:24:53.056083200,chrome_dynamic,96.992097,2.295,392.636429,109.065675,4.048128,140.261642,38.961567,1.446114,6077.0,1688.055556,62.654589,36.260416666666664,33.5,30.0,50.0
182,2023-05-22 06:27:19.522554112,safari_dynamic,134.755137,2.295,434.279526,120.633202,3.222731,86.626373,24.062881,0.642843,8107.0,2251.944444,60.160972,33.72284644194757,32.0,29.0,48.0
37,2023-05-22 06:29:45.460126464,chrome_dynamic,95.875046,2.295,384.125977,106.70166,4.006527,135.305389,37.58483,1.411268,5996.0,1665.555556,62.539735,36.21052631578947,34.0,30.0,49.0
38,2023-05-22 06:31:51.469112320,chrome_dynamic,94.958596,2.295,384.464584,106.795718,4.04876,137.113754,38.087154,1.443932,6029.0,1674.722222,63.490829,36.819148936170215,34.0,31.0,50.0
99,2023-05-22 06:34:16.509452800,safari_static,133.935626,2.295,456.088226,126.691174,3.405279,107.628281,29.896745,0.803582,8215.0,2281.944444,61.335436,35.27924528301887,33.0,30.0,49.0
117,2023-05-22 06:36:42.560994560,chrome_static,96.796006,2.295,395.398605,109.832946,4.084865,142.547897,39.596638,1.472663,6199.0,1721.944444,64.041898,37.479166666666664,36.0,31.0,51.0
17,2023-05-22 06:38:49.335095296,chrome_dynamic,95.383455,2.295,385.792664,107.164629,4.04465,137.30275,38.139653,1.439482,6131.0,1703.055556,64.277395,37.42857142857143,35.0,32.0,53.0
116,2023-05-22 06:40:55.939193856,chrome_static,96.592667,2.295,393.235382,109.232051,4.071069,141.031342,39.175373,1.460063,6161.0,1711.388889,63.78331,37.738219895287955,37.0,31.0,51.0
92,2023-05-22 06:43:22.180820224,safari_static,134.715484,2.295,438.30777,121.752158,3.253581,89.336456,24.815682,0.663149,8263.0,2295.277778,61.336676,35.337078651685395,34.0,30.0,49.0
91,2023-05-22 06:46:31.657021184,safari_static,93.642879,2.295,302.124924,83.92359,3.226352,63.67865,17.688514,0.680016,5673.0,1575.833333,60.581221,35.167567567567566,33.0,31.0,49.0
133,2023-05-22 06:48:36.711090688,chrome_static,95.142531,2.295,382.786316,106.329532,4.023293,135.809799,37.724944,1.427435,5980.0,1661.111111,62.853068,36.973404255319146,36.0,31.0,49.0
186,2023-05-22 06:51:01.821618944,safari_dynamic,133.78902,2.295,435.454483,120.959579,3.254785,89.652039,24.903344,0.6701,8209.0,2280.277778,61.357801,34.88301886792453,33.0,30.0,49.0
132,2023-05-22 06:53:28.418288640,chrome_static,98.04428,2.295,399.985306,111.107029,4.079639,144.358246,40.099513,1.472378,6199.0,1721.944444,63.226534,37.8041237113402,37.0,31.0,50.0
136,2023-05-22 06:55:35.704850944,chrome_static,95.204489,2.295,385.523361,107.089823,4.049424,137.425095,38.173637,1.443473,6170.0,1713.888889,64.807868,38.6063829787234,38.0,32.0,53.0
84,2023-05-22 06:58:01.152142848,safari_static,134.452189,2.295,436.18161,121.161558,3.244139,87.915192,24.420887,0.653877,8383.0,2328.611111,62.349301,35.66541353383459,34.0,31.0,49.0
81,2023-05-22 07:00:25.801881088,safari_static,93.446368,2.295,302.203827,83.945507,3.233982,63.720001,17.7,0.681888,5794.0,1609.444444,62.00348,34.72432432432432,33.0,31.0,50.0
87,2023-05-22 07:01:44.903800064,safari_static,2.517807,2.295,24.600662,6.833517,9.770669,17.352173,4.820048,6.89178,168.0,46.666667,66.724727,42.2,43.0,33.0,49.0
16,2023-05-22 07:03:04.491841024,chrome_dynamic,95.62367,2.295,385.300308,107.027863,4.02934,136.49057,37.914047,1.427372,6158.0,1710.555556,64.398281,36.93121693121693,34.0,31.0,52.0
33,2023-05-22 07:05:12.208082176,chrome_dynamic,98.44796,2.295,397.496674,110.415743,4.037632,140.105225,38.918118,1.42314,6411.0,1780.833333,65.120699,37.723076923076924,35.0,32.0,52.0
88,2023-05-22 07:07:38.959358208,safari_static,133.89376,2.295,430.779297,119.660916,3.217322,84.456116,23.460032,0.63077,8369.0,2324.722222,62.50478,35.886792452830186,34.0,32.0,51.0
32,2023-05-22 07:10:04.075787008,chrome_dynamic,94.940674,2.295,379.515045,105.420846,3.997392,133.077774,36.966048,1.401694,6043.0,1678.611111,63.650275,37.079787234042556,34.0,31.0,51.0
67,2023-05-22 07:12:09.130161152,safari_static,93.961578,2.295,310.708786,86.307996,3.306764,69.851532,19.403203,0.743405,5882.0,1633.888889,62.600056,36.29032258064516,34.0,31.0,50.0
66,2023-05-22 07:14:13.672026880,safari_static,93.838313,2.295,370.622818,102.950783,3.94959,127.971405,35.547613,1.363744,5889.0,1635.833333,62.756883,36.505376344086024,34.0,31.0,52.0
36,2023-05-22 07:16:20.379599872,chrome_dynamic,98.357048,2.295,397.775665,110.49324,4.044201,140.904678,39.140188,1.432583,6417.0,1782.5,65.241893,38.03076923076923,36.0,32.0,51.0
139,2023-05-22 07:18:30.883438592,chrome_static,94.623774,2.295,386.79776,107.443822,4.087744,139.877457,38.854849,1.478249,6168.0,1713.333333,65.184464,38.160427807486634,37.0,32.0,52.0
189,2023-05-22 07:20:55.672788736,safari_dynamic,133.780941,2.295,430.257874,119.516076,3.216137,84.182983,23.384162,0.62926,8432.0,2342.222222,63.02841,36.4566037735849,34.0,32.0,53.0
83,2023-05-22 07:23:20.237193216,safari_static,94.045203,2.295,307.781479,85.494855,3.272697,67.329544,18.702651,0.715927,5850.0,1625.0,62.20413,36.69892473118279,36.0,31.0,50.0
39,2023-05-22 07:25:25.146443776,chrome_dynamic,94.509593,2.295,385.544769,107.095769,4.079425,139.459671,38.738798,1.475614,6081.0,1689.166667,64.342675,37.593582887700535,35.0,32.0,55.0
82,2023-05-22 07:27:50.335007488,safari_static,134.280481,2.295,437.471634,121.519898,3.257894,89.197418,24.777061,0.664262,8397.0,2332.5,62.533288,36.46992481203007,35.0,31.0,51.0
145,2023-05-22 07:30:16.912715264,chrome_static,97.416399,2.295,400.309189,111.196997,4.109259,145.500748,40.416874,1.493596,6276.0,1743.333333,64.424471,38.83937823834197,39.0,31.0,51.0
86,2023-05-22 07:32:42.838966016,safari_static,133.446517,2.295,430.673294,119.631471,3.22731,85.683441,23.800956,0.642081,8277.0,2299.166667,62.024849,35.29924242424242,33.0,31.0,51.0
195,2023-05-22 07:35:07.065178112,safari_dynamic,93.722791,2.295,297.851456,82.736515,3.178005,59.844116,16.623366,0.638523,5697.0,1582.5,60.785642,34.87567567567567,33.0,30.0,52.0
198,2023-05-22 07:37:11.262226944,safari_dynamic,93.437198,2.295,299.173386,83.103718,3.201866,61.670547,17.130708,0.660021,5675.0,1576.388889,60.735982,34.902702702702705,33.0,30.0,49.0
89,2023-05-22 07:39:15.353984,safari_static,93.47818,2.295,302.644852,84.068014,3.237599,64.555298,17.932027,0.690592,5652.0,1570.0,60.463308,35.097297297297295,34.0,30.0,51.0
148,2023-05-22 07:41:19.918850304,chrome_static,94.427616,2.295,383.652695,106.570193,4.062929,138.276733,38.410204,1.464368,5883.0,1634.166667,62.301689,37.26737967914438,37.0,31.0,53.0
143,2023-05-22 07:43:25.451164416,chrome_static,95.052137,2.295,385.827377,107.174271,4.059113,138.405212,38.445892,1.456098,6019.0,1671.944444,63.323143,37.712765957446805,37.0,31.0,53.0
45,2023-05-22 07:45:32.899877120,chrome_dynamic,98.602227,2.295,401.581909,111.55053,4.072747,144.250137,40.069483,1.46295,6264.0,1740.0,63.527977,37.728205128205126,37.0,31.0,51.0
48,2023-05-22 07:47:40.483386112,chrome_dynamic,95.232923,2.295,390.700729,108.52798,4.10258,142.367111,39.54642,1.494936,6090.0,1691.666667,63.948473,37.767195767195766,35.0,31.0,53.0
95,2023-05-22 07:50:05.566837760,safari_static,133.84213,2.295,434.294464,120.637351,3.244826,87.654816,24.34856,0.654912,8332.0,2314.444444,62.252446,35.95471698113207,34.0,31.0,51.0
43,2023-05-22 07:52:30.422727424,chrome_dynamic,94.56776,2.295,385.911743,107.197706,4.080796,140.022949,38.895264,1.480663,5974.0,1659.444444,63.171635,37.283422459893046,35.0,31.0,53.0
40,2023-05-22 07:54:35.914824704,chrome_dynamic,95.085149,2.295,383.705688,106.584913,4.03539,135.940521,37.761256,1.429671,6185.0,1718.055556,65.046961,37.8936170212766,36.0,32.0,53.0
140,2023-05-22 07:56:43.142236928,chrome_static,98.039796,2.295,406.266068,112.851685,4.143889,148.674683,41.298523,1.516473,6422.0,1783.888889,65.504012,38.29381443298969,37.0,32.0,49.0
193,2023-05-22 07:59:09.658686720,safari_dynamic,133.85498,2.295,429.898117,119.416144,3.211671,83.845261,23.29035,0.626389,8315.0,2309.722222,62.119467,35.54716981132076,33.0,31.0,50.0
98,2023-05-22 08:01:34.084076032,safari_static,93.634245,2.295,301.733139,83.814761,3.222466,63.438965,17.621935,0.677519,5721.0,1589.166667,61.099441,35.08108108108108,33.0,31.0,49.0
93,2023-05-22 08:03:38.331913728,safari_static,93.628083,2.295,300.646225,83.51284,3.211069,62.521469,17.367075,0.667764,5713.0,1586.944444,61.018017,35.4054054054054,33.0,30.0,51.0
0,2023-05-22 08:05:43.204261120,chrome_dynamic,94.984488,2.295,382.866501,106.351806,4.030832,135.842834,37.734121,1.430158,6005.0,1668.055556,63.220849,37.297872340425535,34.5,31.0,52.0
90,2023-05-22 08:07:48.330333696,safari_static,94.002026,2.295,308.382584,85.661829,3.280595,68.306961,18.974156,0.726654,5774.0,1603.888889,61.424208,35.80107526881721,33.0,31.0,48.0
5,2023-05-22 08:09:54.831709696,chrome_dynamic,97.567273,2.295,391.619492,108.783192,4.013841,138.04982,38.347172,1.414919,6158.0,1710.555556,63.115426,36.994818652849744,35.0,31.0,49.0
50,2023-05-22 08:12:01.384252672,safari_static,94.146623,2.295,306.778748,85.216319,3.258521,66.455399,18.459833,0.705871,5741.0,1594.722222,60.979351,36.0,35.0,30.0,49.0
100,2023-05-22 08:14:07.092789504,chrome_static,96.099144,2.295,431.786697,119.940749,4.493138,179.009567,49.72488,1.862759,6122.0,1700.555556,63.705042,38.8,39.0,31.0,51.0
105,2023-05-22 08:16:13.183680512,chrome_static,94.765182,2.295,477.636719,132.676866,5.040213,223.7435,62.150972,2.361031,6369.0,1769.166667,67.208229,40.898936170212764,43.0,32.0,54.0
26,2023-05-22 08:18:18.393048064,chrome_dynamic,94.501437,2.295,383.811584,106.614329,4.061437,137.478134,38.188371,1.454773,6160.0,1711.111111,65.184194,38.283422459893046,37.0,32.0,55.0
190,2023-05-22 08:20:23.339150336,safari_dynamic,94.013112,2.295,306.098175,85.027271,3.255909,65.787506,18.274307,0.699769,5893.0,1636.944444,62.682746,35.865591397849464,33.5,31.0,50.0
55,2023-05-22 08:22:28.165972992,safari_static,94.170501,2.295,307.568863,85.435795,3.266085,66.721222,18.533673,0.708515,5890.0,1636.111111,62.546126,35.903225806451616,35.0,31.0,50.0
150,2023-05-22 08:24:32.670270208,safari_dynamic,93.651964,2.295,299.424194,83.173387,3.197201,61.235428,17.009841,0.653862,5763.0,1600.833333,61.53635,35.075675675675676,33.0,31.0,50.0
76,2023-05-22 08:26:36.907589120,safari_static,93.624138,2.295,301.016617,83.615727,3.21516,62.779053,17.438626,0.670543,5716.0,1587.777778,61.052631,34.78918918918919,33.0,31.0,49.0
77,2023-05-22 08:28:41.278096896,safari_static,93.927156,2.295,305.037262,84.732573,3.247594,65.419495,18.172082,0.696492,5718.0,1588.333333,60.876963,34.736559139784944,33.0,30.0,48.0
126,2023-05-22 08:30:46.662292736,chrome_static,94.856315,2.295,389.752853,108.264681,4.108876,142.158707,39.48853,1.498674,6076.0,1687.777778,64.054776,37.558510638297875,35.0,31.0,52.0
27,2023-05-22 08:32:52.982157568,chrome_dynamic,96.52383,2.295,396.733093,110.203637,4.110209,144.021622,40.006006,1.492084,6263.0,1739.722222,64.885531,37.952879581151834,36.0,32.0,52.0
127,2023-05-22 08:34:59.938473728,chrome_static,95.950128,2.295,400.111664,111.142129,4.169996,148.984039,41.384455,1.552724,6310.0,1752.777778,65.763331,39.47894736842105,39.5,32.0,54.0
155,2023-05-22 08:37:05.727252480,safari_dynamic,94.187617,2.295,304.832397,84.675666,3.236438,64.425232,17.895898,0.68401,5881.0,1633.611111,62.439206,35.81720430107527,33.0,31.0,50.0
79,2023-05-22 08:39:10.377500416,safari_static,93.910489,2.295,305.601959,84.889433,3.254183,65.997589,18.332664,0.702771,5748.0,1596.666667,61.20722,35.44086021505376,34.0,31.0,49.0
78,2023-05-22 08:41:15.572784896,safari_static,93.999726,2.295,305.96347,84.989853,3.25494,65.847672,18.29102,0.700509,5788.0,1607.777778,61.574648,35.66129032258065,33.0,31.0,52.0
74,2023-05-22 08:43:19.965735168,safari_static,93.433305,2.295,307.560364,85.433434,3.291764,69.200089,19.222247,0.740636,5719.0,1588.611111,61.209437,35.18378378378378,34.0,30.0,49.0
29,2023-05-22 08:45:25.794182144,chrome_dynamic,97.037289,2.295,391.376999,108.715833,4.033264,138.758362,38.543989,1.429949,6136.0,1704.444444,63.233423,37.3125,35.0,31.0,51.0
176,2023-05-22 08:47:31.776843520,safari_dynamic,93.571912,2.295,302.647873,84.068854,3.234388,64.009918,17.780533,0.684072,5764.0,1601.111111,61.599682,35.016216216216215,33.0,30.0,50.0
177,2023-05-22 08:49:36.231806720,safari_dynamic,94.089997,2.295,302.419083,84.005301,3.214147,62.997192,17.49922,0.669542,5713.0,1586.944444,60.718463,34.645161290322584,32.0,30.0,50.0
73,2023-05-22 08:51:40.661994496,safari_static,93.485689,2.295,303.42009,84.283358,3.245631,65.055618,18.071005,0.695889,5742.0,1595.0,61.421166,35.61081081081081,35.0,30.0,52.0
179,2023-05-22 08:53:44.844610816,safari_dynamic,93.698436,2.295,307.579773,85.438826,3.282656,68.627686,19.063246,0.732431,5745.0,1595.833333,61.313724,35.23243243243243,33.0,30.0,50.0
71,2023-05-22 08:55:49.085746176,safari_static,93.57164,2.295,300.84935,83.569264,3.215177,62.537506,17.371529,0.668338,5737.0,1593.611111,61.311312,34.962162162162166,33.0,31.0,52.0
178,2023-05-22 08:57:53.426349312,safari_dynamic,93.895761,2.295,302.040848,83.900235,3.216768,63.160736,17.544649,0.672669,5708.0,1585.555556,60.790817,34.575268817204304,33.0,30.0,47.0
129,2023-05-22 08:59:58.480154112,chrome_static,94.882434,2.295,386.832184,107.453384,4.076963,140.003906,38.889974,1.475551,5936.0,1648.888889,62.561633,36.61702127659574,34.0,30.0,53.0
28,2023-05-22 09:02:06.781035520,chrome_dynamic,100.540533,2.295,405.52121,112.64478,4.03341,143.170792,39.769664,1.424011,6466.0,1796.111111,64.312371,37.98994974874372,37.0,32.0,50.0
174,2023-05-22 09:04:34.858676736,safari_dynamic,134.341725,2.295,433.971268,120.547574,3.230354,86.753571,24.098214,0.645768,8312.0,2308.888889,61.872066,35.59398496240601,33.0,31.0,51.0
128,2023-05-22 09:07:00.152074496,chrome_static,94.84448,2.295,381.898026,106.082785,4.026571,137.764664,38.267962,1.452532,6086.0,1690.555556,64.168205,37.71808510638298,36.0,31.0,52.0
124,2023-05-22 09:09:05.575074560,chrome_static,94.897348,2.295,386.067352,107.240931,4.068263,138.317001,38.421389,1.457543,6158.0,1710.555556,64.891171,38.212765957446805,36.5,32.0,50.0
173,2023-05-22 09:11:30.328105984,safari_dynamic,133.409012,2.295,427.948181,118.874495,3.207791,83.622726,23.228535,0.626815,8304.0,2306.666667,62.24467,34.75,33.0,31.0,51.0
123,2023-05-22 09:13:58.040964864,chrome_static,100.587411,2.295,410.817413,114.115948,4.084183,147.707214,41.029782,1.468446,6490.0,1802.777778,64.520996,39.040201005025125,39.0,31.0,51.0
72,2023-05-22 09:16:26.090368256,safari_static,134.415452,2.295,437.463516,121.517643,3.254563,89.558624,24.877396,0.666282,8339.0,2316.388889,62.038999,35.74812030075188,33.0,30.0,52.0
171,2023-05-22 09:18:50.832513792,safari_dynamic,93.613786,2.295,298.700195,82.972276,3.190771,60.975082,16.937523,0.651347,5725.0,1590.277778,61.155522,34.20540540540541,33.0,30.0,50.0
70,2023-05-22 09:20:55.200704768,safari_static,93.939097,2.295,305.161926,84.767202,3.248508,65.925186,18.312552,0.701786,5645.0,1568.055556,60.092125,34.45161290322581,32.0,29.0,51.0
172,2023-05-22 09:22:59.541578496,safari_dynamic,93.490706,2.295,309.787704,86.05214,3.313567,71.512802,19.864667,0.764919,5638.0,1566.111111,60.30546,35.1945945945946,33.0,30.0,51.0
69,2023-05-22 09:25:03.945709568,safari_static,94.039419,2.295,303.583832,84.328842,3.228261,64.641388,17.955941,0.687386,5563.0,1545.277778,59.156044,34.36021505376344,33.0,29.0,48.0
24,2023-05-22 09:27:09.175654144,chrome_dynamic,95.16234,2.295,386.221069,107.28363,4.05855,139.469009,38.741391,1.46559,5854.0,1626.111111,61.515932,36.33510638297872,34.0,30.0,53.0
23,2023-05-22 09:29:16.519994880,chrome_dynamic,98.18136,2.295,395.517105,109.865863,4.028434,140.044388,38.901219,1.426385,6125.0,1701.388889,62.384551,36.350515463917525,33.0,30.0,50.0
21,2023-05-22 09:31:23.834968064,chrome_dynamic,94.933218,2.295,388.782166,107.995046,4.095323,141.555481,39.320967,1.491106,5977.0,1660.277778,62.960048,37.005319148936174,35.0,31.0,52.0
170,2023-05-22 09:33:49.078113024,safari_dynamic,134.259835,2.295,430.939087,119.705302,3.209739,84.902863,23.584128,0.632377,8142.0,2261.666667,60.643602,34.7593984962406,32.0,30.0,49.0
22,2023-05-22 09:36:14.110540288,chrome_dynamic,94.602938,2.295,381.4758,105.9655,4.032388,136.033295,37.787026,1.437939,5882.0,1633.888889,62.175659,36.36363636363637,35.0,30.0,48.0
20,2023-05-22 09:38:19.391213824,chrome_dynamic,94.542469,2.295,381.674637,106.020732,4.037071,136.022079,37.783911,1.43874,5960.0,1655.555556,63.040452,36.72727272727273,34.0,31.0,50.0
121,2023-05-22 09:40:26.591025664,chrome_static,98.432543,2.295,402.97464,111.9374,4.093917,145.525528,40.423758,1.478429,6213.0,1725.833333,63.119369,37.46666666666667,38.0,31.0,52.0
122,2023-05-22 09:42:33.849409536,chrome_static,94.804886,2.295,391.406342,108.723984,4.128546,143.812729,39.94798,1.516934,6016.0,1671.111111,63.456645,38.04255319148936,38.0,31.0,51.0
120,2023-05-22 09:44:39.061898496,chrome_static,94.554443,2.295,386.294052,107.303903,4.085414,139.945602,38.873778,1.480053,5973.0,1659.166667,63.169956,37.39572192513369,37.0,31.0,51.0
169,2023-05-22 09:47:04.200300800,safari_dynamic,134.395345,2.295,434.24025,120.622292,3.231066,88.01178,24.447717,0.654872,8168.0,2268.888889,60.775915,34.830827067669176,32.5,30.0,50.0
119,2023-05-22 09:49:30.033278976,chrome_static,95.798244,2.295,391.656784,108.793551,4.08835,142.161636,39.489343,1.483969,5934.0,1648.333333,61.942681,36.194736842105264,33.0,30.0,52.0
175,2023-05-22 09:51:35.802422528,safari_dynamic,94.587278,2.295,306.263458,85.073183,3.237893,65.747971,18.263325,0.695104,5602.0,1556.111111,59.225724,34.668449197860966,32.0,30.0,49.0
19,2023-05-22 09:53:42.167072768,chrome_dynamic,96.91786,2.295,396.444992,110.123609,4.090526,144.694687,40.192969,1.492962,5956.0,1654.444444,61.454102,36.213541666666664,35.0,30.0,50.0
75,2023-05-22 09:56:08.138920704,safari_static,133.651881,2.295,431.029709,119.730475,3.225018,86.814789,24.115219,0.649559,7919.0,2199.722222,59.250943,34.92075471698113,34.0,29.0,50.0
25,2023-05-22 09:58:33.014664960,chrome_dynamic,94.906755,2.295,383.193298,106.442583,4.037577,137.337982,38.149439,1.447083,5836.0,1621.111111,61.491935,35.829787234042556,34.0,30.0,49.0
125,2023-05-22 10:00:38.564531968,chrome_static,94.789451,2.295,385.423279,107.062022,4.066099,138.9729,38.603583,1.466122,5912.0,1642.222222,62.369809,36.579787234042556,35.0,30.0,52.0
